<aiplugin name="msdynaib_MedicalInstrumentInstructions">
  <humandescription>I am a nurse at a children's hospital that needs to instructions on how to use this medical instrument:  Medical Instrument . Provide a concise list of instructions to help me use the instrument appropriately. Do not add any additional text.</humandescription>
  <humanname>Medical Instrument Instructions</humanname>
  <iscustomizable>1</iscustomizable>
  <modeldescription>I am a nurse at a children's hospital that needs to instructions on how to use this medical instrument:  Medical Instrument . Provide a concise list of instructions to help me use the instrument appropriately. Do not add any additional text.</modeldescription>
  <modelname>Medical Instrument Instructions</modelname>
  <plugintype>0</plugintype>
  <schemaversion>0</schemaversion>
  <statecode>0</statecode>
  <statuscode>1</statuscode>
</aiplugin>