<customapi uniquename="msdyn_aibdptmedicalinstrumentinstructions8b2c43bff7fe4bb48f999e156fbc80d7">
  <allowedcustomprocessingsteptype>0</allowedcustomprocessingsteptype>
  <bindingtype>0</bindingtype>
  <description default="I am a nurse at a children's hospital that needs to instructions on how to use this medical instrument:  Medical Instrument . Provide a concise list of instructions to help me use the instrument appropriately. Do not add any additional text.">
    <label description="I am a nurse at a children's hospital that needs to instructions on how to use this medical instrument:  Medical Instrument . Provide a concise list of instructions to help me use the instrument appropriately. Do not add any additional text." languagecode="1033" />
  </description>
  <displayname default="Medical Instrument Instructions">
    <label description="Medical Instrument Instructions" languagecode="1033" />
  </displayname>
  <iscustomizable>0</iscustomizable>
  <isfunction>0</isfunction>
  <isprivate>0</isprivate>
  <name>MedicalInstrumentInstructions</name>
  <plugintypeid>
    <plugintypeexportkey>727e8789-bd29-46fa-b00a-3a49605eeb06</plugintypeexportkey>
  </plugintypeid>
  <workflowsdkstepenabled>0</workflowsdkstepenabled>
</customapi>