<customapirequestparameter uniquename="MedicalInstrument_e369fcdb29114f7582f">
  <description default="Medical Instrument">
    <label description="Medical Instrument" languagecode="1033" />
  </description>
  <displayname default="Medical Instrument">
    <label description="Medical Instrument" languagecode="1033" />
  </displayname>
  <iscustomizable>0</iscustomizable>
  <isoptional>0</isoptional>
  <name>msdyn_aibdpt.MedicalInstrument_e369fcdb29114f7582f</name>
  <type>10</type>
</customapirequestparameter>