<aipluginoperation aiplugin.name="msdynaib_MedicalInstrumentInstructions" operationid="msdynaib_MedicalInstrumentInstructions">
  <aipluginoperationexportkey>aiplugin.name=msdynaib_MedicalInstrumentInstructions,operationid=msdynaib_MedicalInstrumentInstructions</aipluginoperationexportkey>
  <customapi>
    <uniquename>msdyn_aibdptmedicalinstrumentinstructions8b2c43bff7fe4bb48f999e156fbc80d7</uniquename>
  </customapi>
  <description>I am a nurse at a children's hospital that needs to instructions on how to use this medical instrument:  Medical Instrument . Provide a concise list of instructions to help me use the instrument appropriately. Do not add any additional text.</description>
  <iscustomizable>1</iscustomizable>
  <msdyn_aimodel>
    <msdyn_aimodelid>8b2c43bf-f7fe-4bb4-8f99-9e156fbc80d7</msdyn_aimodelid>
  </msdyn_aimodel>
  <name>msdynaib_MedicalInstrumentInstructions</name>
</aipluginoperation>